{
"document" : {
"pageListHeight" : 85,
"pageListCollapsed" : 0
},
"A04883DB-48BE-4856-BA6C-FD880FF5F656" : {
"scrollOrigin" : "{-108, 351}",
"zoomValue" : 0.22251946142424531
},
"9C092F58-1AED-4E94-9F55-7F9900487CA0" : {
"scrollOrigin" : "{143, 192}",
"zoomValue" : 0.36852755047539543
}
}